target_x_mm,target_y_mm,target_force_N,actual_x_mm,actual_y_mm,position_time_s,actual_force_N,force_time_s,eit_0,eit_1,eit_2,eit_3,eit_4,eit_5,eit_6,eit_7,eit_8,eit_9,eit_10,eit_11,eit_12,eit_13,eit_14,eit_15,eit_16,eit_17,eit_18,eit_19,eit_20,eit_21,eit_22,eit_23,eit_24,eit_25,eit_26,eit_27,eit_28,eit_29,eit_30,eit_31,eit_32,eit_33,eit_34,eit_35,eit_36,eit_37,eit_38,eit_39,eit_40,eit_41,eit_42,eit_43,eit_44,eit_45,eit_46,eit_47,eit_48,eit_49,eit_50,eit_51,eit_52,eit_53,eit_54,eit_55,eit_56,eit_57,eit_58,eit_59,eit_60,eit_61,eit_62,eit_63,eit_64,eit_65,eit_66,eit_67,eit_68,eit_69,eit_70,eit_71,eit_72,eit_73,eit_74,eit_75,eit_76,eit_77,eit_78,eit_79,eit_80,eit_81,eit_82,eit_83,eit_84,eit_85,eit_86,eit_87,eit_88,eit_89,eit_90,eit_91,eit_92,eit_93,eit_94,eit_95,eit_96,eit_97,eit_98,eit_99,eit_100,eit_101,eit_102,eit_103,eit_104,eit_105,eit_106,eit_107,eit_108,eit_109,eit_110,eit_111,eit_112,eit_113,eit_114,eit_115,eit_116,eit_117,eit_118,eit_119,eit_120,eit_121,eit_122,eit_123,eit_124,eit_125,eit_126,eit_127,eit_128,eit_129,eit_130,eit_131,eit_132,eit_133,eit_134,eit_135,eit_136,eit_137,eit_138,eit_139,eit_140,eit_141,eit_142,eit_143,eit_144,eit_145,eit_146,eit_147,eit_148,eit_149,eit_150,eit_151,eit_152,eit_153,eit_154,eit_155,eit_156,eit_157,eit_158,eit_159,eit_160,eit_161,eit_162,eit_163,eit_164,eit_165,eit_166,eit_167,eit_168,eit_169,eit_170,eit_171,eit_172,eit_173,eit_174,eit_175,eit_176,eit_177,eit_178,eit_179,eit_180,eit_181,eit_182,eit_183,eit_184,eit_185,eit_186,eit_187,eit_188,eit_189,eit_190,eit_191,eit_192,eit_193,eit_194,eit_195,eit_196,eit_197,eit_198,eit_199,eit_200,eit_201,eit_202,eit_203,eit_204,eit_205,eit_206,eit_207,eit_time_s
,,,,,0.2659417029999531,,,0.036610000000,0.022000000000,0.012830000000,0.010080000000,0.000221400000,0.004754000000,0.005111000000,0.005209000000,0.006358000000,0.007471000000,0.007302000000,0.007108000000,0.007935000000,0.023110000000,0.014010000000,0.010720000000,0.000577100000,0.004666000000,0.004996000000,0.005329000000,0.006194000000,0.007400000000,0.007063000000,0.006856000000,0.007872000000,0.015270000000,0.019980000000,0.016700000000,0.000845000000,0.004416000000,0.004817000000,0.005052000000,0.006255000000,0.007226000000,0.007019000000,0.006892000000,0.007807000000,0.015130000000,0.036490000000,0.024530000000,0.008029000000,0.003099000000,0.003370000000,0.004056000000,0.005693000000,0.007355000000,0.006525000000,0.006439000000,0.006894000000,0.000579800000,0.022020000000,0.023160000000,0.008628000000,0.002153000000,0.002943000000,0.003557000000,0.005652000000,0.007040000000,0.006308000000,0.006269000000,0.006687000000,0.000741800000,0.012850000000,0.013950000000,0.020010000000,0.000412600000,0.001441000000,0.002401000000,0.004147000000,0.006341000000,0.005963000000,0.006018000000,0.006284000000,0.003346000000,0.010020000000,0.010710000000,0.016680000000,0.024390000000,0.018710000000,0.017600000000,0.003103000000,0.005492000000,0.006515000000,0.006522000000,0.007149000000,0.002098000000,0.000262800000,0.000564000000,0.000888800000,0.008110000000,0.008703000000,0.030740000000,0.011400000000,0.001568000000,0.000389900000,0.000776800000,0.001327000000,0.005955000000,0.004717000000,0.004662000000,0.004473000000,0.003084000000,0.002168000000,0.000487200000,0.012520000000,0.002862000000,0.000259600000,0.000535300000,0.001062000000,0.006057000000,0.005031000000,0.004988000000,0.004864000000,0.003378000000,0.002961000000,0.001483000000,0.018780000000,0.003075000000,0.000291700000,0.000570000000,0.001026000000,0.006170000000,0.005416000000,0.005179000000,0.005231000000,0.004060000000,0.003516000000,0.002434000000,0.017530000000,0.030780000000,0.004277000000,0.003681000000,0.000995100000,0.006430000000,0.006252000000,0.006117000000,0.006231000000,0.005763000000,0.005570000000,0.004081000000,0.003087000000,0.011470000000,0.012520000000,0.015610000000,0.013930000000,0.005720000000,0.007395000000,0.007270000000,0.007293000000,0.007296000000,0.007057000000,0.006285000000,0.005494000000,0.001555000000,0.002844000000,0.003152000000,0.016590000000,0.001531000000,0.007203000000,0.007025000000,0.007086000000,0.006560000000,0.006255000000,0.006049000000,0.006520000000,0.000303000000,0.000254600000,0.000349100000,0.004213000000,0.001744000000,0.007025000000,0.007032000000,0.006824000000,0.006439000000,0.006224000000,0.006012000000,0.006618000000,0.000848300000,0.000510100000,0.000557500000,0.003641000000,0.015560000000,0.007860000000,0.007808000000,0.007764000000,0.006829000000,0.006647000000,0.006240000000,0.007163000000,0.001289000000,0.001063000000,0.001036000000,0.000992300000,0.013790000000,0.016610000000,0.015440000000,0.015220000000,0.000669600000,0.000796900000,0.003257000000,0.002259000000,0.005973000000,0.006170000000,0.006259000000,0.006467000000,0.005732000000,0.001545000000,0.001645000000,0.2659417029999531
0,0,1,70.0,28.0,24.833655793999696,1.0029,28.027699920000032,0.031715000000,0.025341000000,0.016139000000,0.012228000000,0.001709200000,0.004022900000,0.004358600000,0.004694400000,0.005660600000,0.007006100000,0.007079600000,0.006890600000,0.010343000000,0.028064000000,0.018899000000,0.013627000000,0.003168600000,0.003756100000,0.004054100000,0.004424500000,0.005422600000,0.006815000000,0.006762100000,0.006604100000,0.010321000000,0.007029400000,0.024604000000,0.019380000000,0.003478400000,0.003540900000,0.004046300000,0.004307800000,0.005498300000,0.006789300000,0.006721800000,0.006550000000,0.010232000000,0.006928000000,0.031754000000,0.022964000000,0.006790400000,0.003150000000,0.003621900000,0.003952200000,0.005492400000,0.006979700000,0.006462800000,0.006335000000,0.008135000000,0.002558100000,0.025267000000,0.028057000000,0.007462900000,0.002254400000,0.003075000000,0.003574200000,0.005370900000,0.006677900000,0.006156800000,0.006166700000,0.008007100000,0.002673900000,0.016155000000,0.018892000000,0.024634000000,0.000860220000,0.001840400000,0.002506800000,0.004150600000,0.006295500000,0.005905400000,0.005912700000,0.006100000000,0.000747880000,0.012166000000,0.013567000000,0.019339000000,0.022903000000,0.018353000000,0.017413000000,0.002991800000,0.005332100000,0.006388500000,0.006466100000,0.007199800000,0.000424100000,0.001757500000,0.003203700000,0.003518700000,0.006849600000,0.007484900000,0.031364000000,0.012286000000,0.001718500000,0.000664710000,0.000940940000,0.000561900000,0.003582500000,0.004006000000,0.003716400000,0.003584000000,0.003133200000,0.002229100000,0.000907660000,0.013105000000,0.002561800000,0.000280894000,0.000748660000,0.000483950000,0.003679300000,0.004346600000,0.004119200000,0.004080300000,0.003537700000,0.003026800000,0.001827400000,0.018415000000,0.002783000000,0.000294300000,0.000727460000,0.000655780000,0.003807900000,0.004577200000,0.004397700000,0.004333800000,0.004063500000,0.003568200000,0.002574400000,0.017491000000,0.031340000000,0.003933600000,0.003399100000,0.002285900000,0.004088600000,0.005667700000,0.005408000000,0.005494700000,0.005435500000,0.005314700000,0.004158800000,0.002932400000,0.012322000000,0.013173000000,0.015072000000,0.014942000000,0.003721900000,0.007020200000,0.006820100000,0.006692500000,0.007000900000,0.006642500000,0.006260800000,0.005318500000,0.001713100000,0.002602300000,0.002799500000,0.016611000000,0.001239000000,0.007077300000,0.006785200000,0.006768000000,0.006483100000,0.006104200000,0.005879700000,0.006362700000,0.000511140000,0.000283720000,0.000277790000,0.003967300000,0.001258500000,0.006824900000,0.006596500000,0.006543700000,0.006309600000,0.006090100000,0.005868400000,0.006482500000,0.000982500000,0.000719080000,0.000712600000,0.003441000000,0.015092000000,0.010305000000,0.010246000000,0.010288000000,0.008105800000,0.007957900000,0.006173000000,0.007094600000,0.000464430000,0.000468880000,0.000579720000,0.002150300000,0.014958000000,0.016573000000,0.006952800000,0.007028600000,0.002602800000,0.002641400000,0.000751970000,0.000509710000,0.003535200000,0.003648100000,0.003801200000,0.004105500000,0.003758300000,0.001174100000,0.001238500000,31.135534084000028
25,13,1,95.0,41.0,34.589299328999914,1.0808,42.10151164099989,0.033579000000,0.025865000000,0.016453000000,0.011335000000,0.000968210000,0.004146400000,0.004161600000,0.004239900000,0.006006600000,0.007319900000,0.006869200000,0.006724400000,0.007552100000,0.028620000000,0.019347000000,0.012537000000,0.002086900000,0.003986600000,0.003909400000,0.004126600000,0.005874300000,0.007213700000,0.006715600000,0.006601400000,0.007406500000,0.011886000000,0.024795000000,0.018047000000,0.002403500000,0.003795900000,0.003805900000,0.004072000000,0.005894300000,0.007106600000,0.006647900000,0.006568200000,0.007290400000,0.011816000000,0.033507000000,0.021970000000,0.006041200000,0.003067100000,0.003198600000,0.003568600000,0.005663800000,0.007251100000,0.006361500000,0.006332900000,0.006774000000,0.004157200000,0.025762000000,0.028574000000,0.006679700000,0.002179200000,0.002750100000,0.003125000000,0.005614700000,0.006976000000,0.006228500000,0.006120400000,0.006643100000,0.004285600000,0.016556000000,0.019301000000,0.024911000000,0.000324650000,0.000973840000,0.001679600000,0.003819800000,0.006115900000,0.005823600000,0.005840600000,0.006112900000,0.002388400000,0.011270000000,0.012493000000,0.018022000000,0.021972000000,0.016659000000,0.015728000000,0.003378000000,0.005729700000,0.006649000000,0.006675200000,0.007148400000,0.001138790000,0.000972590000,0.002091000000,0.002466100000,0.006090200000,0.006676200000,0.027997000000,0.011380000000,0.001093620000,0.000727850000,0.001045390000,0.001563700000,0.005547700000,0.004118500000,0.004015300000,0.003799700000,0.003132100000,0.002248500000,0.000358400000,0.011557000000,0.001655800000,0.000771990000,0.001028020000,0.001593900000,0.005243300000,0.004099900000,0.003903300000,0.003764600000,0.003149500000,0.002711400000,0.000996960000,0.016635000000,0.001656600000,0.000922630000,0.001208820000,0.001659100000,0.005436400000,0.004242700000,0.004135400000,0.004038900000,0.003545600000,0.003118500000,0.001798600000,0.015678000000,0.028025000000,0.004146100000,0.003642000000,0.000942340000,0.006334700000,0.006028500000,0.005783300000,0.005898300000,0.005660700000,0.005498600000,0.003813000000,0.003392100000,0.011381000000,0.011650000000,0.015440000000,0.013723000000,0.005865900000,0.007298200000,0.007225400000,0.007157200000,0.007236600000,0.006859400000,0.006092100000,0.005669200000,0.001076700000,0.001673100000,0.001734600000,0.016087000000,0.001515500000,0.006907900000,0.006671200000,0.006711600000,0.006502300000,0.006125700000,0.005856400000,0.006615000000,0.000702840000,0.000794570000,0.000859700000,0.004126800000,0.001649100000,0.006751000000,0.006576200000,0.006605600000,0.006338500000,0.006181000000,0.005830300000,0.006614900000,0.001069910000,0.001028270000,0.001113070000,0.003711200000,0.015343000000,0.007614400000,0.007333600000,0.007265300000,0.006837600000,0.006577600000,0.006121600000,0.007154500000,0.001506400000,0.001538500000,0.001670400000,0.000921890000,0.013675000000,0.016090000000,0.011993000000,0.011799000000,0.004182600000,0.004342500000,0.002302700000,0.001142540000,0.005488700000,0.005086200000,0.005332100000,0.006347100000,0.005869400000,0.001532900000,0.001673200000,45.24952301899975
0,0,1,70.0,28.0,48.792696205000084,1.106,52.136378884999885,0.032587000000,0.025446000000,0.016216000000,0.011415000000,0.000819200000,0.004216600000,0.004499000000,0.004765800000,0.005698000000,0.006944100000,0.007107900000,0.006898700000,0.010776000000,0.028154000000,0.018861000000,0.012601000000,0.001988400000,0.003961800000,0.004286200000,0.004550200000,0.005453800000,0.006722200000,0.006773100000,0.006601500000,0.010778000000,0.007281700000,0.024575000000,0.018288000000,0.002248400000,0.003753600000,0.004163700000,0.004469800000,0.005542800000,0.006691400000,0.006694300000,0.006533500000,0.010694000000,0.007113600000,0.032555000000,0.022110000000,0.005689800000,0.003397500000,0.003756000000,0.004249200000,0.005593000000,0.007025100000,0.006385800000,0.006212100000,0.008190900000,0.002509800000,0.025358000000,0.028065000000,0.006422900000,0.002468900000,0.003209600000,0.003730100000,0.005456400000,0.006751800000,0.006095200000,0.006061900000,0.008094500000,0.002613900000,0.016150000000,0.018877000000,0.024584000000,0.000579440000,0.001598600000,0.002417700000,0.003967600000,0.006241400000,0.005812700000,0.005861800000,0.005624200000,0.001549000000,0.011341000000,0.012654000000,0.018308000000,0.022046000000,0.018955000000,0.018045000000,0.002700200000,0.005280200000,0.006206200000,0.006366000000,0.006663800000,0.000858440000,0.000748190000,0.001856600000,0.002273500000,0.005813400000,0.006335500000,0.031896000000,0.012235000000,0.001386500000,0.000399510000,0.000836920000,0.000539550000,0.003659400000,0.004209100000,0.003945600000,0.003781300000,0.003350900000,0.002474500000,0.000607070000,0.013178000000,0.002714600000,0.000338103000,0.000555850000,0.000809720000,0.003739400000,0.004491900000,0.004294200000,0.004233300000,0.003702200000,0.003214900000,0.001555000000,0.018865000000,0.002902200000,0.000311294000,0.000754670000,0.000804520000,0.003934800000,0.004692900000,0.004529400000,0.004536000000,0.004250600000,0.003587000000,0.002398700000,0.018073000000,0.031949000000,0.003955000000,0.003481000000,0.002353500000,0.004055400000,0.005712700000,0.005399700000,0.005498400000,0.005520800000,0.005387100000,0.003897600000,0.002694200000,0.012259000000,0.013228000000,0.015155000000,0.015254000000,0.003654200000,0.006917700000,0.006781400000,0.006742700000,0.007079500000,0.006687800000,0.006252900000,0.005292900000,0.001420800000,0.002768100000,0.002900700000,0.016610000000,0.001229300000,0.007032500000,0.006760600000,0.006745000000,0.006427200000,0.006176200000,0.005811400000,0.006239100000,0.000445370000,0.000318821000,0.000271409000,0.003942000000,0.001248800000,0.006869600000,0.006583400000,0.006535700000,0.006258400000,0.006071900000,0.005803800000,0.006376300000,0.000863290000,0.000550640000,0.000617360000,0.003372400000,0.015145000000,0.010775000000,0.010791000000,0.010719000000,0.008224100000,0.008027100000,0.005674600000,0.006655800000,0.000527300000,0.000731510000,0.000785710000,0.002286600000,0.015116000000,0.016624000000,0.007319400000,0.007266800000,0.002556800000,0.002544700000,0.001420100000,0.000850250000,0.003767900000,0.003786500000,0.003847600000,0.004053800000,0.003585000000,0.001166300000,0.001310100000,55.1731163139998
25,13,1,95.0,41.0,58.62616004799975,1.0034,66.18659279099984,0.033679000000,0.025308000000,0.015976000000,0.011054000000,0.000708090000,0.004118600000,0.004073600000,0.004261000000,0.006006400000,0.007216700000,0.006777400000,0.006668100000,0.007529500000,0.027895000000,0.018616000000,0.012190000000,0.001820400000,0.003970700000,0.003886200000,0.004117500000,0.005782700000,0.007078500000,0.006619300000,0.006463500000,0.007348600000,0.012215000000,0.024336000000,0.017795000000,0.002157800000,0.003764200000,0.003810700000,0.004063000000,0.005806000000,0.007083000000,0.006567000000,0.006444600000,0.007264600000,0.012142000000,0.033686000000,0.022191000000,0.006138600000,0.003077800000,0.003107900000,0.003505700000,0.005579600000,0.007159500000,0.006397900000,0.006294300000,0.006759100000,0.003753600000,0.025281000000,0.027868000000,0.006745400000,0.002198300000,0.002664000000,0.003077100000,0.005499300000,0.006757700000,0.006109000000,0.006027300000,0.006563200000,0.003836400000,0.015990000000,0.018632000000,0.024335000000,0.000309240000,0.000941290000,0.001766100000,0.003799000000,0.006102100000,0.005780800000,0.005865800000,0.006119500000,0.002579000000,0.011037000000,0.012195000000,0.017862000000,0.022208000000,0.016629000000,0.015627000000,0.003333500000,0.005686500000,0.006524400000,0.006568100000,0.007067600000,0.001297400000,0.000732920000,0.001857800000,0.002180000000,0.006188200000,0.006696700000,0.027842000000,0.011252000000,0.000990700000,0.000713780000,0.001116830000,0.001531000000,0.005532100000,0.004179800000,0.003972700000,0.003782300000,0.003088400000,0.002133100000,0.000271410000,0.011452000000,0.001608100000,0.000669380000,0.001071030000,0.001487400000,0.005156400000,0.004076600000,0.003965500000,0.003834100000,0.003177500000,0.002687500000,0.000936570000,0.016666000000,0.001728600000,0.000684190000,0.001170700000,0.001527600000,0.005356300000,0.004277800000,0.004135700000,0.004041500000,0.003456600000,0.003095400000,0.001814200000,0.015603000000,0.027910000000,0.004010100000,0.003478500000,0.000922080000,0.006293100000,0.005964900000,0.005740700000,0.005796700000,0.005631200000,0.005401300000,0.003769200000,0.003272600000,0.011150000000,0.011463000000,0.015206000000,0.013633000000,0.005756900000,0.007222800000,0.007119100000,0.007103000000,0.007156800000,0.006737300000,0.006057700000,0.005683700000,0.000987520000,0.001720600000,0.001782600000,0.015897000000,0.001535900000,0.006824400000,0.006637000000,0.006550300000,0.006386200000,0.006109100000,0.005829900000,0.006489300000,0.000728780000,0.000690080000,0.000800530000,0.003997400000,0.001694700000,0.006638600000,0.006530100000,0.006408200000,0.006224600000,0.006052400000,0.005843600000,0.006579100000,0.001188700000,0.001060090000,0.001177930000,0.003536600000,0.015143000000,0.007549100000,0.007353000000,0.007287100000,0.006766000000,0.006502500000,0.006104900000,0.007007400000,0.001475100000,0.001506000000,0.001643700000,0.000875140000,0.013569000000,0.015966000000,0.012324000000,0.012188000000,0.003829700000,0.003886900000,0.002534200000,0.001285200000,0.005515300000,0.005135800000,0.005344700000,0.006209200000,0.005796000000,0.001562000000,0.001721600000,69.28776390699977
0,0,1,70.0,28.0,72.82170394800005,1.1498,76.2165963829998,0.034619000000,0.023193000000,0.013972000000,0.010556000000,0.000373300000,0.004231100000,0.004533200000,0.004757500000,0.005656400000,0.006822500000,0.007045100000,0.006885200000,0.011320000000,0.024741000000,0.015468000000,0.011382000000,0.000759150000,0.004055500000,0.004384900000,0.004619600000,0.005337700000,0.006568500000,0.006802200000,0.006605000000,0.011707000000,0.008497700000,0.021049000000,0.017063000000,0.001095570000,0.003913100000,0.004313500000,0.004540200000,0.005495200000,0.006560900000,0.006709100000,0.006646200000,0.011659000000,0.008532300000,0.034846000000,0.023208000000,0.006900300000,0.003217100000,0.003595900000,0.004048800000,0.005544600000,0.007175900000,0.006274100000,0.006100800000,0.007314800000,0.000882610000,0.022944000000,0.024414000000,0.007579100000,0.002351400000,0.003055800000,0.003538900000,0.005413900000,0.006783700000,0.006033500000,0.005907000000,0.007066300000,0.000874500000,0.013566000000,0.014997000000,0.020609000000,0.000572630000,0.001504100000,0.002300400000,0.003934700000,0.006237700000,0.005756200000,0.005745400000,0.005245300000,0.002030000000,0.010479000000,0.011190000000,0.016882000000,0.023367000000,0.019047000000,0.018030000000,0.002684700000,0.005318100000,0.006151900000,0.006299200000,0.006265000000,0.001427800000,0.000319488000,0.000601410000,0.000958170000,0.006972100000,0.007609900000,0.031955000000,0.012074000000,0.001358800000,0.000440320000,0.000946300000,0.000628700000,0.003664400000,0.004307900000,0.004119000000,0.003885900000,0.003258200000,0.002277000000,0.000543980000,0.013092000000,0.002658100000,0.000267924000,0.000561050000,0.000772630000,0.003694700000,0.004569700000,0.004431000000,0.004283200000,0.003650800000,0.003072500000,0.001474700000,0.019024000000,0.002669700000,0.000318790000,0.000632830000,0.000797030000,0.003939800000,0.004808100000,0.004626000000,0.004467900000,0.004083200000,0.003548300000,0.002260800000,0.018103000000,0.031877000000,0.003771700000,0.003293800000,0.002245500000,0.003956100000,0.005636500000,0.005437700000,0.005389600000,0.005502900000,0.005411100000,0.003908500000,0.002662500000,0.012171000000,0.013166000000,0.015005000000,0.015084000000,0.003544800000,0.006840700000,0.006667500000,0.006583700000,0.007080100000,0.006804000000,0.006232800000,0.005326500000,0.001356400000,0.002627700000,0.002742400000,0.016607000000,0.001263300000,0.007069700000,0.006885900000,0.006728400000,0.006263800000,0.006014200000,0.005733900000,0.006185400000,0.000509570000,0.000276756000,0.000321370000,0.003763900000,0.001361300000,0.006975600000,0.006587400000,0.006577600000,0.006130100000,0.005916500000,0.005737400000,0.006312000000,0.000916860000,0.000588900000,0.000649890000,0.003293700000,0.014966000000,0.011299000000,0.011771000000,0.011642000000,0.007298300000,0.007216300000,0.005222500000,0.006331700000,0.000548000000,0.000774850000,0.000820810000,0.002279600000,0.015006000000,0.016542000000,0.008670900000,0.008629800000,0.000912930000,0.000946130000,0.001910600000,0.001341750000,0.003679500000,0.003702500000,0.003835700000,0.003950700000,0.003550600000,0.001268000000,0.001344700000,79.21143617899997
25,13,1,95.0,41.0,82.66496360099973,1.0252,90.27674880799987,0.032908000000,0.025713000000,0.016461000000,0.011312000000,0.001053520000,0.004058600000,0.004011300000,0.004124100000,0.005894600000,0.007170300000,0.006772600000,0.006593200000,0.007415400000,0.028390000000,0.019189000000,0.012502000000,0.002161400000,0.003823400000,0.003803300000,0.003998000000,0.005675300000,0.007053400000,0.006617800000,0.006467000000,0.007222600000,0.011492000000,0.024870000000,0.018207000000,0.002511200000,0.003702300000,0.003732400000,0.003993900000,0.005724500000,0.007070800000,0.006576000000,0.006458300000,0.007206800000,0.011433000000,0.032975000000,0.021856000000,0.005878500000,0.003052500000,0.003119300000,0.003520500000,0.005605900000,0.007123800000,0.006369400000,0.006242600000,0.006730100000,0.004315200000,0.025776000000,0.028402000000,0.006408000000,0.002259500000,0.002673400000,0.003081700000,0.005422700000,0.006732800000,0.006116700000,0.006062700000,0.006554600000,0.004410200000,0.016495000000,0.019230000000,0.024845000000,0.000294605000,0.000922800000,0.001743900000,0.003730400000,0.006090500000,0.005801400000,0.005855800000,0.006031400000,0.002199400000,0.011324000000,0.012577000000,0.018230000000,0.021786000000,0.016641000000,0.015550000000,0.003385200000,0.005700200000,0.006528300000,0.006641500000,0.007011200000,0.000906390000,0.001041550000,0.002247700000,0.002510500000,0.005879100000,0.006424100000,0.027555000000,0.011057000000,0.000986130000,0.000756660000,0.001125920000,0.001551400000,0.005446900000,0.004020700000,0.003863700000,0.003676700000,0.003065200000,0.002186700000,0.000311920000,0.011222000000,0.001631400000,0.000749120000,0.000998230000,0.001596700000,0.005050500000,0.003947100000,0.003857600000,0.003739400000,0.003152400000,0.002723100000,0.000968480000,0.016565000000,0.001720100000,0.000815810000,0.001078170000,0.001616000000,0.005290800000,0.004181600000,0.004022900000,0.003988900000,0.003509100000,0.003061400000,0.001731900000,0.015482000000,0.027631000000,0.004015700000,0.003469400000,0.000886270000,0.006297900000,0.005880800000,0.005654900000,0.005740200000,0.005579700000,0.005411300000,0.003758800000,0.003380800000,0.011077000000,0.011272000000,0.015182000000,0.013670000000,0.005733400000,0.007159200000,0.007052200000,0.007022000000,0.007111700000,0.006743000000,0.006061100000,0.005692600000,0.001017930000,0.001658600000,0.001708400000,0.015774000000,0.001539200000,0.006760900000,0.006662600000,0.006537700000,0.006350200000,0.006087900000,0.005823300000,0.006501800000,0.000771380000,0.000719450000,0.000790150000,0.003983400000,0.001720300000,0.006649400000,0.006444000000,0.006479000000,0.006271100000,0.006022400000,0.005791800000,0.006555200000,0.001143400000,0.001061350000,0.001114260000,0.003463000000,0.015083000000,0.007355100000,0.007263500000,0.007241200000,0.006744400000,0.006530300000,0.006032700000,0.007060700000,0.001614400000,0.001563700000,0.001612300000,0.000848580000,0.013524000000,0.015797000000,0.011577000000,0.011471000000,0.004218100000,0.004254100000,0.002232200000,0.000950200000,0.005477500000,0.005047400000,0.005232300000,0.006202000000,0.005777600000,0.001612400000,0.001690600000,93.32502357899966
0,0,1,70.0,28.0,96.85855171699995,1.1791,100.31143444999998,0.033833000000,0.023787000000,0.014530000000,0.010994000000,0.000353960000,0.004223900000,0.004525500000,0.004738800000,0.005632400000,0.006754500000,0.007066700000,0.006791900000,0.010922000000,0.025357000000,0.016151000000,0.011823000000,0.001234900000,0.003985500000,0.004298800000,0.004567300000,0.005344000000,0.006555100000,0.006723600000,0.006573800000,0.011325000000,0.008048000000,0.021801000000,0.017499000000,0.001620800000,0.003861800000,0.004280100000,0.004531700000,0.005434800000,0.006535600000,0.006702400000,0.006523300000,0.011260000000,0.007956300000,0.033906000000,0.022681000000,0.006397000000,0.003228700000,0.003637000000,0.004143800000,0.005469800000,0.007027100000,0.006246600000,0.006138900000,0.007713700000,0.001358100000,0.023861000000,0.025460000000,0.007017600000,0.002389300000,0.003146200000,0.003538900000,0.005378600000,0.006644700000,0.005967800000,0.005989900000,0.007555300000,0.001418100000,0.014496000000,0.016142000000,0.021796000000,0.000564640000,0.001495900000,0.002318400000,0.003968200000,0.006212600000,0.005698100000,0.005719100000,0.005427400000,0.001671000000,0.010932000000,0.011856000000,0.017475000000,0.022697000000,0.019229000000,0.018220000000,0.002670500000,0.005222900000,0.006162800000,0.006305200000,0.006472200000,0.001142440000,0.000363280000,0.001223500000,0.001613200000,0.006395800000,0.007028700000,0.032077000000,0.012101000000,0.001262500000,0.000453190000,0.000924860000,0.000567590000,0.003648500000,0.004292400000,0.004061600000,0.003831600000,0.003217100000,0.002348700000,0.000612610000,0.013103000000,0.002606500000,0.000243149000,0.000615520000,0.000708310000,0.003675000000,0.004603600000,0.004387100000,0.004172900000,0.003676600000,0.003123700000,0.001463000000,0.019200000000,0.002716100000,0.000262490000,0.000661010000,0.000769560000,0.003773000000,0.004708400000,0.004604000000,0.004461900000,0.004090800000,0.003540100000,0.002334200000,0.018256000000,0.032080000000,0.003725600000,0.003202800000,0.002254100000,0.003946600000,0.005644200000,0.005266000000,0.005428700000,0.005506700000,0.005298700000,0.003924600000,0.002639500000,0.012165000000,0.013126000000,0.014877000000,0.015101000000,0.003517700000,0.006711900000,0.006568500000,0.006546500000,0.007073100000,0.006677800000,0.006198300000,0.005270700000,0.001306000000,0.002596900000,0.002821500000,0.016393000000,0.001232400000,0.007008400000,0.006712200000,0.006732800000,0.006284600000,0.006042300000,0.005694500000,0.006134800000,0.000405950000,0.000269845000,0.000252479000,0.003752500000,0.001311700000,0.006794000000,0.006533100000,0.006523100000,0.006140700000,0.005932400000,0.005693300000,0.006282300000,0.000993930000,0.000686810000,0.000718320000,0.003220500000,0.014899000000,0.010968000000,0.011349000000,0.011253000000,0.007727000000,0.007512100000,0.005410400000,0.006518000000,0.000551200000,0.000744600000,0.000783810000,0.002221800000,0.014972000000,0.016451000000,0.008100300000,0.007974400000,0.001321600000,0.001433800000,0.001628300000,0.001200700000,0.003654400000,0.003655000000,0.003801900000,0.003895100000,0.003489200000,0.001254400000,0.001370400000,103.47010946299997
25,13,1,95.0,41.0,106.92321127600007,1.0234,114.3775078839999,0.032654000000,0.025858000000,0.016658000000,0.011416000000,0.001180100000,0.004038700000,0.003947500000,0.004188100000,0.005944400000,0.007219000000,0.006677500000,0.006569100000,0.007488200000,0.028523000000,0.019350000000,0.012648000000,0.002409200000,0.003854000000,0.003732800000,0.004013800000,0.005715900000,0.007072400000,0.006577500000,0.006437500000,0.007242000000,0.011228000000,0.024971000000,0.018322000000,0.002628800000,0.003643700000,0.003677400000,0.003969400000,0.005788600000,0.006994400000,0.006507400000,0.006399900000,0.007188800000,0.011114000000,0.032574000000,0.021674000000,0.005727600000,0.003042700000,0.003105900000,0.003598600000,0.005645400000,0.007046900000,0.006300400000,0.006188000000,0.006756200000,0.004417700000,0.025843000000,0.028613000000,0.006342600000,0.002133900000,0.002621300000,0.003160800000,0.005484200000,0.006706000000,0.006047900000,0.006056700000,0.006567400000,0.004578900000,0.016579000000,0.019358000000,0.025010000000,0.000323140000,0.000864150000,0.001858400000,0.003919000000,0.006117400000,0.005790600000,0.005774900000,0.006038600000,0.002064800000,0.011492000000,0.012572000000,0.018307000000,0.021649000000,0.016673000000,0.015286000000,0.003650600000,0.005708100000,0.006557100000,0.006625700000,0.006980400000,0.000806630000,0.001222600000,0.002336100000,0.002657800000,0.005715000000,0.006311400000,0.025996000000,0.009409100000,0.000908730000,0.000773250000,0.001128900000,0.001520100000,0.005440400000,0.004025900000,0.003830100000,0.003610900000,0.003039600000,0.002119700000,0.000287160000,0.009501700000,0.001519500000,0.000757670000,0.001104300000,0.001594100000,0.004958200000,0.003932000000,0.003708100000,0.003635600000,0.003088200000,0.002589900000,0.000806200000,0.016677000000,0.001660600000,0.000863080000,0.001223500000,0.001642400000,0.005219000000,0.004129900000,0.004021300000,0.003943200000,0.003600900000,0.003115800000,0.001826100000,0.015278000000,0.025981000000,0.003918100000,0.003462100000,0.000891850000,0.006277800000,0.005883700000,0.005729800000,0.005821400000,0.005646400000,0.005501400000,0.003913600000,0.003523400000,0.009403300000,0.009579100000,0.015062000000,0.013626000000,0.005751500000,0.007190300000,0.007047400000,0.006990500000,0.007107200000,0.006713700000,0.006012700000,0.005779400000,0.000852890000,0.001637400000,0.001626300000,0.015716000000,0.001577800000,0.006714300000,0.006596900000,0.006523300000,0.006282200000,0.006062000000,0.005754900000,0.006532200000,0.000736770000,0.000769760000,0.000855150000,0.003941900000,0.001705800000,0.006606400000,0.006409600000,0.006416300000,0.006276100000,0.006023400000,0.005788200000,0.006500300000,0.001060230000,0.001135780000,0.001179200000,0.003465400000,0.015064000000,0.007491800000,0.007312000000,0.007184600000,0.006730200000,0.006500900000,0.006041800000,0.006972800000,0.001580700000,0.001567000000,0.001617500000,0.000843460000,0.013514000000,0.015739000000,0.011290000000,0.011183000000,0.004534100000,0.004603300000,0.002002800000,0.000774920000,0.005343200000,0.004902700000,0.005238700000,0.006259500000,0.005757700000,0.001554900000,0.001748900000,117.58229520299983
0,0,1,70.0,28.0,121.11579148200008,1.1825,124.41103367200003,0.032197000000,0.025442000000,0.016159000000,0.011526000000,0.000849700000,0.004159000000,0.004458400000,0.004582300000,0.005578500000,0.006773200000,0.006905800000,0.006775300000,0.010621000000,0.027877000000,0.018553000000,0.012577000000,0.001947600000,0.003912200000,0.004221500000,0.004485900000,0.005305900000,0.006622200000,0.006618900000,0.006511500000,0.010780000000,0.006839400000,0.024378000000,0.018324000000,0.002267900000,0.003745000000,0.004077600000,0.004337000000,0.005353400000,0.006568000000,0.006647100000,0.006461100000,0.010634000000,0.006878100000,0.032222000000,0.021802000000,0.005656300000,0.003345400000,0.003682000000,0.004173500000,0.005446200000,0.006877100000,0.006286500000,0.006173100000,0.008281700000,0.002424600000,0.025455000000,0.027944000000,0.006237000000,0.002445000000,0.003210600000,0.003632400000,0.005304400000,0.006498600000,0.006063900000,0.005977700000,0.008141100000,0.002441000000,0.016173000000,0.018731000000,0.024405000000,0.000531110000,0.001523200000,0.002301600000,0.003904300000,0.006097100000,0.005773100000,0.005786500000,0.005624400000,0.001329600000,0.011446000000,0.012683000000,0.018319000000,0.021807000000,0.019016000000,0.018084000000,0.002642300000,0.005194600000,0.006218600000,0.006318700000,0.006613300000,0.000862710000,0.000906730000,0.002033600000,0.002338400000,0.005645000000,0.006272100000,0.031847000000,0.011980000000,0.001269800000,0.000460410000,0.000884880000,0.000473430000,0.003538000000,0.004125100000,0.003894600000,0.003711900000,0.003322700000,0.002430700000,0.000581060000,0.012940000000,0.002533100000,0.000238023000,0.000685470000,0.000737470000,0.003489200000,0.004438700000,0.004287800000,0.004187700000,0.003769600000,0.003117700000,0.001509500000,0.018994000000,0.002651300000,0.000307510000,0.000688730000,0.000775380000,0.003702100000,0.004579000000,0.004443100000,0.004401500000,0.004062600000,0.003570900000,0.002285100000,0.018102000000,0.031786000000,0.003644700000,0.003148400000,0.002245200000,0.003902100000,0.005524400000,0.005270500000,0.005337200000,0.005392900000,0.005295300000,0.003878800000,0.002635400000,0.012041000000,0.012991000000,0.014776000000,0.015089000000,0.003505000000,0.006783900000,0.006560500000,0.006540100000,0.006876400000,0.006463700000,0.006115300000,0.005233700000,0.001278600000,0.002513400000,0.002695600000,0.016384000000,0.001263900000,0.006951600000,0.006572200000,0.006652300000,0.006331700000,0.006001200000,0.005746400000,0.006179600000,0.000506770000,0.000246490000,0.000272721000,0.003677400000,0.001343900000,0.006744400000,0.006444100000,0.006445700000,0.006197100000,0.006008200000,0.005715300000,0.006287700000,0.000995370000,0.000670300000,0.000716710000,0.003123000000,0.014748000000,0.010506000000,0.010607000000,0.010587000000,0.008351500000,0.008145500000,0.005632000000,0.006668100000,0.000535270000,0.000743440000,0.000711000000,0.002193600000,0.014925000000,0.016363000000,0.006818800000,0.006784800000,0.002540900000,0.002533500000,0.001287400000,0.000750640000,0.003564800000,0.003500000000,0.003746400000,0.003885100000,0.003466000000,0.001234200000,0.001284300000,127.50669378399971
25,13,1,95.0,41.0,130.96006648499997,1.0154,138.47204594599998,0.032647000000,0.025812000000,0.016565000000,0.011362000000,0.001172730000,0.004032600000,0.003890500000,0.004086400000,0.005851400000,0.007157000000,0.006693000000,0.006551100000,0.007407100000,0.028546000000,0.019275000000,0.012581000000,0.002341500000,0.003851900000,0.003688500000,0.003905800000,0.005650900000,0.007030200000,0.006496700000,0.006358900000,0.007235600000,0.011290000000,0.024885000000,0.018270000000,0.002549300000,0.003631700000,0.003702000000,0.003841600000,0.005748800000,0.006979100000,0.006454500000,0.006420000000,0.007103400000,0.011158000000,0.032688000000,0.021633000000,0.005706700000,0.002947500000,0.003063300000,0.003468200000,0.005565800000,0.007066700000,0.006272200000,0.006172600000,0.006691100000,0.004425400000,0.025828000000,0.028530000000,0.006327600000,0.002207100000,0.002601000000,0.003008900000,0.005363600000,0.006687800000,0.005990100000,0.006013400000,0.006525000000,0.004431000000,0.016546000000,0.019207000000,0.024931000000,0.000304310000,0.000934210000,0.001742500000,0.003785400000,0.006054300000,0.005752200000,0.005734300000,0.006035500000,0.002117900000,0.011329000000,0.012589000000,0.018255000000,0.021590000000,0.016446000000,0.015343000000,0.003397900000,0.005689300000,0.006508300000,0.006559800000,0.007090800000,0.000848350000,0.001161700000,0.002290900000,0.002626100000,0.005743600000,0.006336100000,0.027344000000,0.010905000000,0.000917300000,0.000816660000,0.001157700000,0.001581100000,0.005331100000,0.004020800000,0.003799500000,0.003594300000,0.003072300000,0.002134800000,0.000314600000,0.011074000000,0.001537400000,0.000845220000,0.001116840000,0.001611700000,0.004969600000,0.003940900000,0.003699000000,0.003694500000,0.003116000000,0.002661700000,0.000928710000,0.016432000000,0.001632200000,0.000903620000,0.001279400000,0.001668800000,0.005162900000,0.004052800000,0.003958000000,0.003864800000,0.003434100000,0.003014700000,0.001681900000,0.015391000000,0.027303000000,0.003876200000,0.003354900000,0.000841590000,0.006189700000,0.005853400000,0.005655500000,0.005771900000,0.005529100000,0.005399600000,0.003790000000,0.003392100000,0.010861000000,0.011087000000,0.014994000000,0.013549000000,0.005670300000,0.007147200000,0.007026000000,0.006988200000,0.007059900000,0.006743900000,0.006065300000,0.005702500000,0.000914900000,0.001562900000,0.001544600000,0.015577000000,0.001616200000,0.006692200000,0.006543500000,0.006432800000,0.006247600000,0.006023100000,0.005761700000,0.006485700000,0.000753300000,0.000820610000,0.000948000000,0.003878600000,0.001743000000,0.006526900000,0.006379900000,0.006353100000,0.006154700000,0.006031900000,0.005776500000,0.006571400000,0.001229500000,0.001079470000,0.001201500000,0.003382900000,0.014907000000,0.007423800000,0.007232500000,0.007218100000,0.006749400000,0.006532800000,0.006010400000,0.007039400000,0.001556200000,0.001591000000,0.001633100000,0.000822840000,0.013518000000,0.015628000000,0.011364000000,0.011243000000,0.004426300000,0.004526500000,0.002081300000,0.000848760000,0.005383100000,0.004973900000,0.005143500000,0.006154900000,0.005694600000,0.001565700000,0.001713600000,141.61948375799966
0,0,1,70.0,28.0,145.15366898799994,1.1773,148.49834987699978,0.032024000000,0.025659000000,0.016396000000,0.011569000000,0.000908900000,0.004088500000,0.004369000000,0.004627200000,0.005533100000,0.006744900000,0.006946900000,0.006731100000,0.010562000000,0.028311000000,0.019050000000,0.012786000000,0.002099200000,0.003837200000,0.004132000000,0.004431300000,0.005255500000,0.006590300000,0.006576900000,0.006435500000,0.010672000000,0.006705000000,0.024710000000,0.018404000000,0.002402500000,0.003655200000,0.004061700000,0.004347300000,0.005332900000,0.006571500000,0.006560000000,0.006459700000,0.010618000000,0.006717300000,0.032008000000,0.021721000000,0.005459700000,0.003323400000,0.003692200000,0.004080700000,0.005348300000,0.006899300000,0.006219600000,0.006173300000,0.008336800000,0.002566600000,0.025615000000,0.028309000000,0.006089100000,0.002430800000,0.003173700000,0.003627700000,0.005250000000,0.006472400000,0.006024300000,0.005998700000,0.008204000000,0.002504400000,0.016355000000,0.019070000000,0.024686000000,0.000583690000,0.001520800000,0.002271300000,0.003861900000,0.006088200000,0.005667000000,0.005694700000,0.005564200000,0.001275400000,0.011533000000,0.012754000000,0.018401000000,0.021695000000,0.018793000000,0.017886000000,0.002797200000,0.005176100000,0.006124700000,0.006256800000,0.006664200000,0.000799210000,0.000915740000,0.002062000000,0.002447200000,0.005506800000,0.006148300000,0.031503000000,0.011884000000,0.001256500000,0.000459470000,0.000887180000,0.000516480000,0.003532000000,0.004125600000,0.003816700000,0.003660900000,0.003326200000,0.002359200000,0.000545700000,0.012911000000,0.002534200000,0.000244580000,0.000603760000,0.000773900000,0.003536200000,0.004314700000,0.004189300000,0.004100400000,0.003697400000,0.003115200000,0.001453400000,0.018897000000,0.002681700000,0.000267390000,0.000748720000,0.000749610000,0.003645300000,0.004610600000,0.004443200000,0.004354600000,0.004121700000,0.003611400000,0.002297400000,0.017917000000,0.031519000000,0.003578100000,0.003002200000,0.002125700000,0.003847000000,0.005543600000,0.005241000000,0.005294800000,0.005391300000,0.005274800000,0.003875400000,0.002704300000,0.011978000000,0.012970000000,0.014704000000,0.015024000000,0.003398300000,0.006782900000,0.006602900000,0.006573600000,0.006879300000,0.006507800000,0.006094200000,0.005238500000,0.001288900000,0.002458700000,0.002679800000,0.016303000000,0.001215500000,0.006948600000,0.006589800000,0.006569600000,0.006278700000,0.006073500000,0.005752400000,0.006130600000,0.000505000000,0.000307210000,0.000255763000,0.003595100000,0.001358000000,0.006734200000,0.006443700000,0.006348400000,0.006162700000,0.005944200000,0.005668300000,0.006269800000,0.000953920000,0.000683970000,0.000730860000,0.003060900000,0.014652000000,0.010549000000,0.010726000000,0.010544000000,0.008309600000,0.008172700000,0.005572900000,0.006656200000,0.000463670000,0.000690220000,0.000724390000,0.002157200000,0.014903000000,0.016309000000,0.006760400000,0.006713600000,0.002540000000,0.002542400000,0.001348400000,0.000810720000,0.003514100000,0.003432300000,0.003700700000,0.003785700000,0.003422800000,0.001264500000,0.001289700000,151.54469878999998
25,13,1,95.0,41.0,154.99796718499965,1.0035,162.55972177400008,0.032858000000,0.025665000000,0.016460000000,0.011301000000,0.001119100000,0.004011200000,0.003878000000,0.004059100000,0.005836800000,0.007090500000,0.006668200000,0.006498000000,0.007377800000,0.028361000000,0.019160000000,0.012536000000,0.002242600000,0.003807200000,0.003676400000,0.003943100000,0.005579000000,0.007010900000,0.006457300000,0.006325000000,0.007114400000,0.011418000000,0.024752000000,0.018136000000,0.002565900000,0.003543400000,0.003625400000,0.003872100000,0.005704400000,0.006995900000,0.006414800000,0.006295100000,0.007225400000,0.011268000000,0.032827000000,0.021739000000,0.005820800000,0.003047200000,0.003017800000,0.003426500000,0.005491200000,0.007003500000,0.006212200000,0.006126200000,0.006618600000,0.004271000000,0.025659000000,0.028372000000,0.006387700000,0.002191700000,0.002627800000,0.002982200000,0.005349400000,0.006669400000,0.005993400000,0.005912500000,0.006521200000,0.004310400000,0.016378000000,0.019112000000,0.024749000000,0.000270562000,0.000831340000,0.001665000000,0.003719800000,0.006013000000,0.005706600000,0.005695000000,0.005970800000,0.002178600000,0.011308000000,0.012449000000,0.018138000000,0.021731000000,0.016297000000,0.015203000000,0.003435000000,0.005740900000,0.006442000000,0.006548200000,0.007033000000,0.000871810000,0.001092560000,0.002218500000,0.002574600000,0.005759000000,0.006400600000,0.027135000000,0.010816000000,0.000838980000,0.000836590000,0.001197800000,0.001605400000,0.005349800000,0.003963700000,0.003771700000,0.003585800000,0.003006800000,0.002160300000,0.000339370000,0.011010000000,0.001470700000,0.000846990000,0.001175200000,0.001631100000,0.004938900000,0.003865100000,0.003720000000,0.003622800000,0.003026700000,0.002611000000,0.000918250000,0.016325000000,0.001543900000,0.000993150000,0.001233700000,0.001648600000,0.005160400000,0.004072700000,0.003926800000,0.003819700000,0.003392500000,0.002913900000,0.001616800000,0.015279000000,0.027019000000,0.003768300000,0.003310100000,0.000841380000,0.006257900000,0.005812500000,0.005618300000,0.005604700000,0.005448300000,0.005349400000,0.003724700000,0.003396100000,0.010913000000,0.010989000000,0.014867000000,0.013459000000,0.005626900000,0.007111200000,0.006973100000,0.006901500000,0.007000100000,0.006649300000,0.005989700000,0.005671400000,0.000787720000,0.001471700000,0.001464500000,0.015469000000,0.001595000000,0.006584500000,0.006482900000,0.006408500000,0.006193600000,0.005997900000,0.005723200000,0.006497500000,0.000787730000,0.000821520000,0.000944300000,0.003767900000,0.001822000000,0.006423100000,0.006357100000,0.006311100000,0.006162100000,0.005951500000,0.005729800000,0.006556200000,0.001213360000,0.001210200000,0.001264000000,0.003294300000,0.014808000000,0.007397900000,0.007154900000,0.007155700000,0.006702100000,0.006441100000,0.006028700000,0.007002700000,0.001583200000,0.001630500000,0.001671900000,0.000829580000,0.013352000000,0.015432000000,0.011425000000,0.011411000000,0.004287000000,0.004333600000,0.002155900000,0.000913190000,0.005361900000,0.004920700000,0.005082900000,0.006159900000,0.005675900000,0.001629500000,0.001836000000,165.65876741800002
0,0,1,70.0,28.0,169.19252437499972,1.174,172.58733176099986,0.032314000000,0.025257000000,0.016050000000,0.011356000000,0.000799280000,0.004072700000,0.004372400000,0.004581300000,0.005548200000,0.006631200000,0.006897900000,0.006711400000,0.010610000000,0.027912000000,0.018713000000,0.012551000000,0.001977800000,0.003862700000,0.004096300000,0.004369700000,0.005239400000,0.006493000000,0.006594500000,0.006433200000,0.010759000000,0.006890500000,0.024378000000,0.018234000000,0.002194900000,0.003676400000,0.004142700000,0.004335500000,0.005316900000,0.006498000000,0.006551500000,0.006412900000,0.010779000000,0.006766900000,0.032361000000,0.021877000000,0.005637700000,0.003250200000,0.003746700000,0.004150700000,0.005391600000,0.006839400000,0.006172700000,0.006104300000,0.008191500000,0.002281300000,0.025288000000,0.027857000000,0.006233700000,0.002455600000,0.003130400000,0.003508100000,0.005252900000,0.006476000000,0.006052000000,0.005909200000,0.008004700000,0.002377200000,0.016002000000,0.018752000000,0.024350000000,0.000553990000,0.001463800000,0.002259200000,0.003848300000,0.006117200000,0.005723700000,0.005680100000,0.005475100000,0.001289800000,0.011383000000,0.012538000000,0.018186000000,0.021912000000,0.018703000000,0.017818000000,0.002696200000,0.005249300000,0.006101300000,0.006302700000,0.006524900000,0.000819270000,0.000745160000,0.001903400000,0.002242200000,0.005719500000,0.006296100000,0.031445000000,0.011862000000,0.001165200000,0.000466330000,0.000942130000,0.000473160000,0.003506600000,0.004152800000,0.003855400000,0.003670000000,0.003231000000,0.002407500000,0.000526330000,0.012856000000,0.002439900000,0.000285840000,0.000686050000,0.000737420000,0.003475200000,0.004375300000,0.004123900000,0.004072800000,0.003654200000,0.003079200000,0.001474900000,0.018752000000,0.002620300000,0.000314410000,0.000748980000,0.000743860000,0.003647000000,0.004663200000,0.004434000000,0.004338000000,0.004115100000,0.003573900000,0.002264600000,0.017838000000,0.031426000000,0.003491800000,0.003072700000,0.002260700000,0.003808800000,0.005457000000,0.005161700000,0.005302600000,0.005352300000,0.005254400000,0.003855900000,0.002703900000,0.011916000000,0.012936000000,0.014676000000,0.014895000000,0.003404900000,0.006697100000,0.006507500000,0.006470000000,0.006850400000,0.006483200000,0.006086400000,0.005240800000,0.001266300000,0.002462800000,0.002594900000,0.016172000000,0.001219200000,0.006879900000,0.006655600000,0.006553700000,0.006255200000,0.005920400000,0.005649900000,0.006149300000,0.000496740000,0.000316875000,0.000320090000,0.003531900000,0.001308400000,0.006724800000,0.006397000000,0.006390500000,0.006163500000,0.006005800000,0.005692800000,0.006197000000,0.000996190000,0.000726690000,0.000684060000,0.003029700000,0.014603000000,0.010703000000,0.010892000000,0.010766000000,0.008124900000,0.007958900000,0.005453600000,0.006537500000,0.000562010000,0.000648500000,0.000687770000,0.002086300000,0.014793000000,0.016227000000,0.006938100000,0.006879200000,0.002348700000,0.002374500000,0.001411900000,0.000833950000,0.003491500000,0.003519500000,0.003702000000,0.003857400000,0.003441000000,0.001245600000,0.001402400000,175.58142151099992
25,13,1,95.0,41.0,179.03482026999973,1.2698,187.14920544699999,0.033534000000,0.025104000000,0.015910000000,0.010938000000,0.000807570000,0.004064500000,0.003924500000,0.004017600000,0.005797600000,0.007084700000,0.006614700000,0.006507300000,0.007451400000,0.027781000000,0.018559000000,0.012073000000,0.001915200000,0.003870300000,0.003718000000,0.003925100000,0.005614500000,0.006982300000,0.006480000000,0.006361600000,0.007281500000,0.012086000000,0.024190000000,0.017802000000,0.002208600000,0.003595000000,0.003658000000,0.003859400000,0.005707800000,0.006919400000,0.006449700000,0.006300200000,0.007252000000,0.011897000000,0.033511000000,0.022061000000,0.006110200000,0.002920700000,0.002959500000,0.003340300000,0.005449300000,0.007034700000,0.006190300000,0.006099800000,0.006616500000,0.003658200000,0.025116000000,0.027708000000,0.006705200000,0.002030300000,0.002517500000,0.002867900000,0.005335100000,0.006682300000,0.005994700000,0.006005700000,0.006425700000,0.003757500000,0.015893000000,0.018559000000,0.024236000000,0.000273540000,0.000810040000,0.001656100000,0.003714100000,0.006032100000,0.005699600000,0.005696300000,0.005968300000,0.002536500000,0.010920000000,0.012129000000,0.017792000000,0.022049000000,0.016271000000,0.015165000000,0.003465700000,0.005765300000,0.006437000000,0.006580100000,0.007061900000,0.001165510000,0.000794700000,0.001872800000,0.002195300000,0.006104600000,0.006732300000,0.026972000000,0.010788000000,0.000858470000,0.000821990000,0.001222000000,0.001591800000,0.005397700000,0.004027200000,0.003837500000,0.003671600000,0.002942800000,0.001981800000,0.000294590000,0.010906000000,0.001382200000,0.000875320000,0.001161400000,0.001587200000,0.004915900000,0.003943300000,0.003700600000,0.003628700000,0.002924900000,0.002518400000,0.000828740000,0.016179000000,0.001519000000,0.000946400000,0.001248700000,0.001641700000,0.005113500000,0.004089800000,0.003946600000,0.003837200000,0.003375800000,0.002850900000,0.001580600000,0.015156000000,0.026917000000,0.003791900000,0.003258300000,0.000835410000,0.006143400000,0.005797600000,0.005597300000,0.005672800000,0.005389600000,0.005346200000,0.003677200000,0.003445900000,0.010840000000,0.010934000000,0.014810000000,0.013500000000,0.005654000000,0.007138300000,0.006983200000,0.006913600000,0.007030400000,0.006619000000,0.005992400000,0.005722400000,0.000790900000,0.001418400000,0.001548900000,0.015483000000,0.001652500000,0.006651100000,0.006473400000,0.006443500000,0.006150200000,0.005964200000,0.005645000000,0.006490300000,0.000865010000,0.000792650000,0.000913590000,0.003802600000,0.001800200000,0.006547100000,0.006307900000,0.006344100000,0.006126100000,0.005930700000,0.005699500000,0.006433800000,0.001198400000,0.001200300000,0.001254300000,0.003353800000,0.014756000000,0.007451800000,0.007307500000,0.007239100000,0.006636500000,0.006409100000,0.005912400000,0.007024900000,0.001540500000,0.001672400000,0.001650600000,0.000827320000,0.013397000000,0.015455000000,0.012073000000,0.011934000000,0.003753600000,0.003800700000,0.002473600000,0.001228000000,0.005429400000,0.004956000000,0.005212200000,0.006156900000,0.005613000000,0.001657100000,0.001822300000,190.13720046199978
0,0,1,70.0,28.0,193.687392025,1.1932,197.1902797570001,0.032696000000,0.024963000000,0.015676000000,0.011198000000,0.000608320000,0.004131700000,0.004427700000,0.004597200000,0.005469600000,0.006680500000,0.006862900000,0.006722700000,0.010868000000,0.027499000000,0.018275000000,0.012260000000,0.001698600000,0.003825600000,0.004173500000,0.004298500000,0.005187500000,0.006474700000,0.006621300000,0.006447100000,0.010993000000,0.006941000000,0.023949000000,0.018033000000,0.001981000000,0.003667500000,0.004097300000,0.004328100000,0.005239800000,0.006428300000,0.006562600000,0.006392000000,0.010893000000,0.007032400000,0.032685000000,0.022120000000,0.005835300000,0.003259300000,0.003607300000,0.003984700000,0.005348600000,0.006840500000,0.006192900000,0.006094100000,0.008002500000,0.002113700000,0.024977000000,0.027558000000,0.006465100000,0.002406700000,0.003061700000,0.003483800000,0.005204400000,0.006507300000,0.005907500000,0.005927900000,0.007830700000,0.002127400000,0.015649000000,0.018287000000,0.023896000000,0.000506660000,0.001388700000,0.002241300000,0.003861600000,0.006141900000,0.005674700000,0.005659700000,0.005352300000,0.001435600000,0.011155000000,0.012285000000,0.018029000000,0.022134000000,0.018814000000,0.017835000000,0.002716300000,0.005279100000,0.006129700000,0.006213700000,0.006365000000,0.000973570000,0.000552510000,0.001629900000,0.001981700000,0.005902800000,0.006461600000,0.031383000000,0.011795000000,0.001171500000,0.000522170000,0.000956290000,0.000491020000,0.003489400000,0.004103200000,0.003902700000,0.003655800000,0.003234900000,0.002279200000,0.000468430000,0.012869000000,0.002410600000,0.000240910000,0.000694850000,0.000730100000,0.003574400000,0.004367000000,0.004139300000,0.004096400000,0.003632900000,0.003066700000,0.001419600000,0.018745000000,0.002571300000,0.000308310000,0.000816460000,0.000657440000,0.003682000000,0.004546600000,0.004396200000,0.004284100000,0.004032100000,0.003484700000,0.002251500000,0.017805000000,0.031413000000,0.003554700000,0.002999600000,0.002158400000,0.003781500000,0.005503600000,0.005176000000,0.005254700000,0.005366500000,0.005275700000,0.003864400000,0.002709000000,0.011860000000,0.012890000000,0.014667000000,0.014890000000,0.003370900000,0.006720000000,0.006456400000,0.006454900000,0.006836100000,0.006492200000,0.006093500000,0.005267300000,0.001140780000,0.002395000000,0.002541700000,0.016220000000,0.001259800000,0.006901600000,0.006529600000,0.006554800000,0.006174200000,0.005945800000,0.005685200000,0.006091100000,0.000569510000,0.000325940000,0.000359520000,0.003543300000,0.001362800000,0.006651500000,0.006411300000,0.006475100000,0.006110000000,0.005917400000,0.005657400000,0.006256300000,0.000959190000,0.000670510000,0.000796740000,0.002926900000,0.014576000000,0.010854000000,0.010986000000,0.010917000000,0.007935100000,0.007771000000,0.005372200000,0.006485100000,0.000502750000,0.000691850000,0.000674510000,0.002137600000,0.014832000000,0.016221000000,0.007007300000,0.006995300000,0.002164600000,0.002234200000,0.001486500000,0.000936930000,0.003467600000,0.003491000000,0.003640800000,0.003786400000,0.003415900000,0.001304900000,0.001336500000,200.2811150319999
25,13,1,95.0,41.0,203.73506959299993,1.2275,211.7580576549999,0.032850000000,0.025605000000,0.016373000000,0.011258000000,0.001123200000,0.003944100000,0.003788400000,0.003987900000,0.005790600000,0.007086500000,0.006556100000,0.006475500000,0.007393700000,0.028282000000,0.019093000000,0.012534000000,0.002186800000,0.003732200000,0.003675900000,0.003856500000,0.005603000000,0.006954800000,0.006441600000,0.006304300000,0.007160800000,0.011405000000,0.024699000000,0.018120000000,0.002604800000,0.003623900000,0.003572100000,0.003790900000,0.005712400000,0.006918900000,0.006350000000,0.006273500000,0.007172900000,0.011272000000,0.032855000000,0.021768000000,0.005835500000,0.002989800000,0.003009300000,0.003374200000,0.005419400000,0.007016200000,0.006174600000,0.006111800000,0.006611800000,0.004212800000,0.025715000000,0.028381000000,0.006372200000,0.002123800000,0.002582100000,0.002895700000,0.005347700000,0.006670200000,0.005949700000,0.005969200000,0.006478900000,0.004305300000,0.016425000000,0.019084000000,0.024704000000,0.000281671000,0.000871570000,0.001647700000,0.003761300000,0.006013400000,0.005638900000,0.005718700000,0.005999600000,0.002128400000,0.011311000000,0.012499000000,0.018111000000,0.021800000000,0.016199000000,0.015105000000,0.003425900000,0.005770200000,0.006424100000,0.006509200000,0.006990200000,0.000898620000,0.001115910000,0.002194000000,0.002500400000,0.005858800000,0.006426000000,0.026844000000,0.010715000000,0.000817730000,0.000853210000,0.001180300000,0.001564600000,0.005273700000,0.003906600000,0.003708000000,0.003550500000,0.002974700000,0.002091600000,0.000279290000,0.010861000000,0.001392600000,0.000837750000,0.001143360000,0.001583300000,0.004886900000,0.003797400000,0.003639400000,0.003581500000,0.003019400000,0.002572100000,0.000821330000,0.016107000000,0.001496900000,0.000965620000,0.001238300000,0.001566200000,0.005030900000,0.003982000000,0.003910500000,0.003818400000,0.003407600000,0.002971200000,0.001611700000,0.015046000000,0.026808000000,0.003746400000,0.003234900000,0.000817950000,0.006121900000,0.005848400000,0.005626700000,0.005604900000,0.005479300000,0.005278300000,0.003683000000,0.003479200000,0.010799000000,0.010906000000,0.014717000000,0.013355000000,0.005646400000,0.007133300000,0.006926300000,0.006930200000,0.006978000000,0.006630400000,0.005990600000,0.005702900000,0.000813420000,0.001394500000,0.001487100000,0.015415000000,0.001579500000,0.006512500000,0.006512800000,0.006399000000,0.006217400000,0.005920800000,0.005674800000,0.006452800000,0.000870380000,0.000869590000,0.000949160000,0.003727000000,0.001812600000,0.006432300000,0.006321000000,0.006302400000,0.006133500000,0.005980400000,0.005687800000,0.006487600000,0.001155800000,0.001137090000,0.001216000000,0.003272700000,0.014727000000,0.007393600000,0.007155500000,0.007169300000,0.006716700000,0.006474400000,0.005974300000,0.007003800000,0.001524300000,0.001543900000,0.001686800000,0.000837080000,0.013307000000,0.015414000000,0.011423000000,0.011347000000,0.004309200000,0.004335100000,0.002156400000,0.000866920000,0.005320200000,0.004870300000,0.005016200000,0.006142000000,0.005657300000,0.001662000000,0.001853200000,214.83599472900005
0,0,1,70.0,28.0,218.38464918199998,1.1972,221.77944197099987,0.032059000000,0.025502000000,0.016242000000,0.011491000000,0.000870820000,0.004072800000,0.004315900000,0.004564500000,0.005448000000,0.006586000000,0.006854300000,0.006688200000,0.010600000000,0.028216000000,0.018965000000,0.012701000000,0.001932700000,0.003791700000,0.004155900000,0.004341100000,0.005172500000,0.006507600000,0.006568800000,0.006357500000,0.010681000000,0.006735700000,0.024545000000,0.018384000000,0.002262500000,0.003581000000,0.003979400000,0.004325600000,0.005239500000,0.006417400000,0.006481900000,0.006345000000,0.010600000000,0.006642100000,0.031973000000,0.021788000000,0.005517000000,0.003317100000,0.003624300000,0.004087500000,0.005312700000,0.006798400000,0.006252200000,0.006094900000,0.008260700000,0.002433800000,0.025498000000,0.028129000000,0.006209300000,0.002401500000,0.003109500000,0.003487500000,0.005175100000,0.006389400000,0.005959300000,0.005879400000,0.008131900000,0.002415000000,0.016199000000,0.018992000000,0.024546000000,0.000513890000,0.001520300000,0.002334400000,0.003809900000,0.006160700000,0.005692300000,0.005629900000,0.005462600000,0.001231900000,0.011448000000,0.012679000000,0.018345000000,0.021818000000,0.018626000000,0.017735000000,0.002722200000,0.005188100000,0.006116600000,0.006262600000,0.006500500000,0.000709290000,0.000837830000,0.002053700000,0.002320500000,0.005526700000,0.006110300000,0.031223000000,0.011756000000,0.001147030000,0.000521190000,0.000948600000,0.000493080000,0.003415600000,0.004081900000,0.003797100000,0.003566300000,0.003347700000,0.002392000000,0.000540310000,0.012743000000,0.002415900000,0.000270100000,0.000687000000,0.000657700000,0.003457200000,0.004395400000,0.004195500000,0.004035300000,0.003669000000,0.003116100000,0.001436100000,0.018648000000,0.002587200000,0.000297510000,0.000812880000,0.000757530000,0.003635400000,0.004632300000,0.004324400000,0.004268500000,0.004031700000,0.003509800000,0.002342200000,0.017687000000,0.031268000000,0.003512400000,0.002936100000,0.002134300000,0.003786300000,0.005487600000,0.005193000000,0.005245600000,0.005256300000,0.005215900000,0.003802700000,0.002686900000,0.011750000000,0.012814000000,0.014545000000,0.014856000000,0.003404200000,0.006613600000,0.006458800000,0.006410100000,0.006779100000,0.006416300000,0.006100700000,0.005214100000,0.001136840000,0.002413600000,0.002488800000,0.016086000000,0.001325600000,0.006895800000,0.006553800000,0.006512900000,0.006229000000,0.005905200000,0.005644900000,0.006120200000,0.000481410000,0.000272410000,0.000344230000,0.003490100000,0.001319900000,0.006678400000,0.006367500000,0.006341300000,0.006089400000,0.005934600000,0.005657100000,0.006219100000,0.001002280000,0.000676610000,0.000797080000,0.002984400000,0.014523000000,0.010559000000,0.010711000000,0.010630000000,0.008266700000,0.008099200000,0.005448700000,0.006512600000,0.000499650000,0.000674580000,0.000698580000,0.002126100000,0.014740000000,0.016112000000,0.006774700000,0.006693300000,0.002385800000,0.002506100000,0.001244300000,0.000768340000,0.003445200000,0.003534500000,0.003564100000,0.003725400000,0.003451300000,0.001245700000,0.001379600000,224.9799936569998
25,13,1,95.0,41.0,228.43329437300008,1.2145,236.3382391959999,0.032921000000,0.025880000000,0.016582000000,0.011428000000,0.001114070000,0.003939000000,0.003851500000,0.003937900000,0.005758300000,0.007053100000,0.006546700000,0.006446800000,0.007398900000,0.028568000000,0.019291000000,0.012660000000,0.002242200000,0.003687600000,0.003583300000,0.003845500000,0.005582100000,0.006951800000,0.006423100000,0.006280800000,0.007119200000,0.011277000000,0.024762000000,0.018172000000,0.002605600000,0.003447900000,0.003615300000,0.003789400000,0.005690700000,0.006876700000,0.006372300000,0.006235500000,0.007161600000,0.011187000000,0.032882000000,0.021666000000,0.005777600000,0.002985300000,0.003061500000,0.003354900000,0.005441000000,0.006961900000,0.006196900000,0.006047000000,0.006690100000,0.004331100000,0.025901000000,0.028644000000,0.006325200000,0.002114600000,0.002487900000,0.002935700000,0.005332600000,0.006643600000,0.005935800000,0.005897100000,0.006370900000,0.004434400000,0.016575000000,0.019233000000,0.024777000000,0.000325700000,0.000827010000,0.001557300000,0.003649400000,0.006025300000,0.005705800000,0.005722200000,0.005922500000,0.002100700000,0.011412000000,0.012631000000,0.018171000000,0.021600000000,0.016064000000,0.015013000000,0.003456400000,0.005739800000,0.006447800000,0.006537400000,0.006930000000,0.000751290000,0.001174700000,0.002303000000,0.002551900000,0.005763800000,0.006377300000,0.026736000000,0.010726000000,0.000777560000,0.000871670000,0.001242700000,0.001554200000,0.005325500000,0.003867700000,0.003657100000,0.003475400000,0.002923700000,0.002123000000,0.000268888000,0.010864000000,0.001394700000,0.000907280000,0.001175700000,0.001621400000,0.004860900000,0.003828500000,0.003632900000,0.003497600000,0.002974600000,0.002605800000,0.000838750000,0.016040000000,0.001493300000,0.000961230000,0.001259200000,0.001711600000,0.005068700000,0.004011600000,0.003824700000,0.003774500000,0.003313400000,0.002958100000,0.001595300000,0.015082000000,0.026761000000,0.003730400000,0.003221700000,0.000759920000,0.006128900000,0.005769200000,0.005604800000,0.005594900000,0.005441600000,0.005284100000,0.003680300000,0.003408000000,0.010784000000,0.010960000000,0.014769000000,0.013353000000,0.005674400000,0.007048400000,0.007003500000,0.006899900000,0.006901600000,0.006611000000,0.006055700000,0.005745400000,0.000719500000,0.001407800000,0.001459600000,0.015284000000,0.001608500000,0.006567200000,0.006391200000,0.006382300000,0.006175600000,0.005958400000,0.005693600000,0.006537100000,0.000843470000,0.000854060000,0.001007440000,0.003729500000,0.001830000000,0.006441600000,0.006300500000,0.006217900000,0.006067100000,0.005894100000,0.005689000000,0.006426600000,0.001235300000,0.001161900000,0.001286100000,0.003203100000,0.014685000000,0.007369000000,0.007143400000,0.007142300000,0.006665500000,0.006461900000,0.005974200000,0.007035300000,0.001631900000,0.001683100000,0.001718900000,0.000802470000,0.013309000000,0.015295000000,0.011344000000,0.011277000000,0.004306100000,0.004447000000,0.002054500000,0.000763380000,0.005245500000,0.004843600000,0.005047400000,0.006139900000,0.005658200000,0.001682700000,0.001838600000,239.53525863599998
0,0,1,70.0,28.0,243.07888204399978,1.1983,246.3734698789999,0.032013000000,0.025495000000,0.016313000000,0.011556000000,0.000910110000,0.003988200000,0.004361700000,0.004549500000,0.005463500000,0.006645800000,0.006882500000,0.006685700000,0.010529000000,0.028222000000,0.018985000000,0.012747000000,0.002124100000,0.003845400000,0.004111800000,0.004410600000,0.005201400000,0.006486700000,0.006585500000,0.006368200000,0.010672000000,0.006596300000,0.024640000000,0.018407000000,0.002413500000,0.003670000000,0.004020800000,0.004339700000,0.005292700000,0.006453300000,0.006541400000,0.006363400000,0.010617000000,0.006539600000,0.032020000000,0.021804000000,0.005499000000,0.003233000000,0.003703900000,0.004053200000,0.005303700000,0.006808600000,0.006205400000,0.006148400000,0.008366800000,0.002457000000,0.025495000000,0.028221000000,0.006121100000,0.002381300000,0.003112700000,0.003552400000,0.005166900000,0.006415600000,0.005959800000,0.005921100000,0.008160600000,0.002447200000,0.016205000000,0.018988000000,0.024672000000,0.000596770000,0.001499700000,0.002303600000,0.003829100000,0.006077000000,0.005630200000,0.005621000000,0.005564900000,0.001309000000,0.011557000000,0.012710000000,0.018360000000,0.021791000000,0.018619000000,0.017719000000,0.002709100000,0.005227300000,0.006111200000,0.006268700000,0.006650100000,0.000659940000,0.000947320000,0.001972300000,0.002369000000,0.005488900000,0.006064400000,0.031193000000,0.011777000000,0.001121950000,0.000499020000,0.000948850000,0.000580370000,0.003382800000,0.003997500000,0.003837900000,0.003617900000,0.003289300000,0.002359100000,0.000504650000,0.012751000000,0.002391900000,0.000331280000,0.000693570000,0.000697650000,0.003458500000,0.004333800000,0.004072000000,0.004017200000,0.003616800000,0.003137200000,0.001418100000,0.018532000000,0.002550400000,0.000338710000,0.000738310000,0.000666900000,0.003578700000,0.004517700000,0.004338200000,0.004235300000,0.004094100000,0.003541200000,0.002304200000,0.017746000000,0.031177000000,0.003502300000,0.002950500000,0.002110200000,0.003751000000,0.005404600000,0.005164000000,0.005243300000,0.005290800000,0.005207800000,0.003807800000,0.002647500000,0.011747000000,0.012778000000,0.014568000000,0.014843000000,0.003378000000,0.006739500000,0.006539500000,0.006466300000,0.006763500000,0.006370100000,0.006098400000,0.005239900000,0.001160900000,0.002391200000,0.002557400000,0.016151000000,0.001278100000,0.006816700000,0.006606500000,0.006480100000,0.006281800000,0.006014700000,0.005672100000,0.006151000000,0.000451760000,0.000259636000,0.000357240000,0.003483400000,0.001391600000,0.006685100000,0.006394000000,0.006322300000,0.006073900000,0.005895600000,0.005628200000,0.006270300000,0.000968100000,0.000702610000,0.000804060000,0.002969800000,0.014544000000,0.010493000000,0.010712000000,0.010624000000,0.008274500000,0.008099900000,0.005513700000,0.006548400000,0.000426050000,0.000709170000,0.000687840000,0.002165500000,0.014772000000,0.016187000000,0.006668200000,0.006695500000,0.002464400000,0.002490800000,0.001239700000,0.000735350000,0.003455800000,0.003453000000,0.003593900000,0.003757300000,0.003354800000,0.001323600000,0.001325700000,249.45855079500006
25,13,1,95.0,41.0,252.91217562799966,1.2069,260.9260277979997,0.032878000000,0.025912000000,0.016517000000,0.011435000000,0.001163600000,0.003935300000,0.003787900000,0.003974100000,0.005770100000,0.007034700000,0.006533100000,0.006418200000,0.007379200000,0.028593000000,0.019318000000,0.012641000000,0.002327600000,0.003680100000,0.003648900000,0.003876000000,0.005560300000,0.006898800000,0.006418800000,0.006251700000,0.007163600000,0.011299000000,0.024682000000,0.018082000000,0.002610200000,0.003524000000,0.003501500000,0.003735700000,0.005661000000,0.006849000000,0.006341800000,0.006217800000,0.007123900000,0.011207000000,0.032917000000,0.021640000000,0.005742000000,0.002942500000,0.003060200000,0.003374200000,0.005429900000,0.006933000000,0.006167800000,0.006071300000,0.006685400000,0.004263600000,0.025824000000,0.028546000000,0.006323600000,0.002144500000,0.002503100000,0.002965300000,0.005366800000,0.006607600000,0.005916300000,0.005912900000,0.006402800000,0.004311200000,0.016545000000,0.019266000000,0.024734000000,0.000283785000,0.000876650000,0.001668300000,0.003668900000,0.006014600000,0.005636800000,0.005710400000,0.005961500000,0.002129400000,0.011399000000,0.012624000000,0.018156000000,0.021649000000,0.016022000000,0.014958000000,0.003457800000,0.005732000000,0.006462100000,0.006471000000,0.007002700000,0.000811330000,0.001122210000,0.002228700000,0.002579900000,0.005735100000,0.006415300000,0.026654000000,0.010689000000,0.000749870000,0.000835660000,0.001254300000,0.001636200000,0.005299200000,0.003887500000,0.003760400000,0.003503800000,0.003011900000,0.002128600000,0.000248200000,0.010831000000,0.001360300000,0.000875920000,0.001190900000,0.001694500000,0.004802900000,0.003806300000,0.003637600000,0.003544300000,0.003018700000,0.002547300000,0.000825830000,0.016018000000,0.001464500000,0.000977490000,0.001281900000,0.001751700000,0.005051900000,0.003993300000,0.003830700000,0.003808900000,0.003339800000,0.002893100000,0.001631300000,0.014962000000,0.026656000000,0.003699800000,0.003172800000,0.000841410000,0.006128400000,0.005786700000,0.005611300000,0.005574100000,0.005418600000,0.005310400000,0.003700300000,0.003462300000,0.010687000000,0.010894000000,0.014664000000,0.013321000000,0.005658700000,0.007022000000,0.006973900000,0.006840800000,0.006884900000,0.006566400000,0.005992400000,0.005797000000,0.000761490000,0.001486100000,0.001432700000,0.015270000000,0.001649700000,0.006559000000,0.006421700000,0.006366500000,0.006181200000,0.005879400000,0.005585100000,0.006397800000,0.000792330000,0.000886580000,0.000947920000,0.003704700000,0.001847900000,0.006424100000,0.006268400000,0.006226600000,0.006049300000,0.005894700000,0.005668500000,0.006491800000,0.001216700000,0.001159800000,0.001258800000,0.003190600000,0.014609000000,0.007362800000,0.007083400000,0.007096600000,0.006636000000,0.006414800000,0.005948100000,0.007020400000,0.001577100000,0.001605400000,0.001690000000,0.000757790000,0.013249000000,0.015251000000,0.011379000000,0.011259000000,0.004331800000,0.004388200000,0.002040400000,0.000831830000,0.005264700000,0.004857800000,0.004998700000,0.006098400000,0.005636000000,0.001607700000,0.001872500000,264.014356357
